{"payload":{"file_name":"Jupyter interactive"},"type":"file_name"}
{"payload":{"installed_packages":["alabaster==0.7.12","altair==5.0.1","anaconda-client==1.11.2","anaconda-navigator==2.4.0","anaconda-project==0.11.1","anyio==3.5.0","appdirs==1.4.4","argon2-cffi-bindings==21.2.0","argon2-cffi==21.3.0","arrow==1.2.3","astroid==2.14.2","astropy==5.1","asttokens==2.0.5","atomicwrites==1.4.0","attrs==22.1.0","automat==20.2.0","autopep8==1.6.0","babel==2.11.0","backcall==0.2.0","backports.functools-lru-cache==1.6.4","backports.tempfile==1.0","backports.weakref==1.0.post1","bcrypt==3.2.0","beautifulsoup4==4.11.1","binaryornot==0.4.4","black==22.6.0","bleach==4.1.0","blis==0.7.9","bokeh==2.4.3","boltons==23.0.0","bottleneck==1.3.5","brotlipy==0.7.0","catalogue==2.0.8","certifi==2022.12.7","cffi==1.15.1","chardet==4.0.0","charset-normalizer==2.0.4","click==8.0.4","cloudpickle==2.0.0","clyent==1.2.2","colorama==0.4.6","colorcet==3.0.1","comet-ml==3.33.4","comm==0.1.2","conda-build==3.24.0","conda-content-trust==0.1.3","conda-pack==0.6.0","conda-package-handling==2.0.2","conda-package-streaming==0.7.0","conda-repo-cli==1.0.41","conda-token==0.4.0","conda-verify==3.4.2","conda==23.3.1","confection==0.0.4","configobj==5.0.8","constantly==15.1.0","contourpy==1.0.5","cookiecutter==1.7.3","cryptography==39.0.1","cssselect==1.1.0","cycler==0.11.0","cymem==2.0.7","cytoolz==0.12.0","daal4py==2023.0.2","dask==2022.7.0","datashader==0.14.4","datashape==0.5.4","debugpy==1.5.1","decorator==5.1.1","defusedxml==0.7.1","diff-match-patch==20200713","dill==0.3.6","distributed==2022.7.0","docstring-to-markdown==0.11","docutils==0.18.1","dulwich==0.21.5","entrypoints==0.4","et-xmlfile==1.1.0","everett==3.1.0","executing==0.8.3","fastjsonschema==2.16.2","filelock==3.9.0","flake8==6.0.0","flask==2.2.2","flit-core==3.6.0","fonttools==4.25.0","fsspec==2022.11.0","future==0.18.3","gensim==4.3.0","glob2==0.7","greenlet==2.0.1","h5py==3.7.0","heapdict==1.0.1","holoviews==1.15.4","huggingface-hub==0.10.1","hvplot==0.8.2","hyperlink==21.0.0","idna==3.4","imagecodecs==2021.8.26","imageio==2.26.0","imagesize==1.4.1","imbalanced-learn==0.10.1","importlib-metadata==4.11.3","incremental==21.3.0","inflection==0.5.1","iniconfig==1.1.1","intake==0.6.7","intervaltree==3.1.0","ipykernel==6.19.2","ipython-genutils==0.2.0","ipython==8.10.0","ipywidgets==7.6.5","isort==5.9.3","itemadapter==0.3.0","itemloaders==1.0.4","itsdangerous==2.0.1","jedi==0.18.1","jellyfish==0.9.0","jinja2-time==0.2.0","jinja2==3.1.2","jmespath==0.10.0","joblib==1.1.1","json5==0.9.6","jsonpatch==1.32","jsonpointer==2.1","jsonschema==4.17.3","jupyter-client==7.3.4","jupyter-console==6.6.2","jupyter-core==5.2.0","jupyter-server==1.23.4","jupyter==1.0.0","jupyterlab-pygments==0.1.2","jupyterlab-server==2.19.0","jupyterlab-widgets==1.0.0","jupyterlab==3.5.3","keyring==23.4.0","kiwisolver==1.4.4","langcodes==3.3.0","lazy-object-proxy==1.6.0","libarchive-c==2.9","llvmlite==0.39.1","locket==1.0.0","lxml==4.9.1","lz4==3.1.3","markdown-it-py==2.2.0","markdown==3.4.1","markupsafe==2.1.1","matplotlib-inline==0.1.6","matplotlib==3.7.0","mccabe==0.7.0","mdurl==0.1.2","menuinst==1.4.19","mistune==0.8.4","mkl-fft==1.3.1","mkl-random==1.2.2","mkl-service==2.4.0","mlxtend==0.22.0","mock==4.0.3","mpmath==1.2.1","msgpack==1.0.3","multipledispatch==0.6.0","munkres==1.1.4","murmurhash==1.0.9","mypy-extensions==0.4.3","navigator-updater==0.3.0","nbclassic==0.5.2","nbclient==0.5.13","nbconvert==6.5.4","nbformat==5.7.0","nest-asyncio==1.5.6","networkx==2.8.4","nltk==3.7","notebook-shim==0.2.2","notebook==6.5.2","numba==0.56.4","numexpr==2.8.4","numpy==1.23.5","numpydoc==1.5.0","openpyxl==3.0.10","packaging==22.0","pandas==1.5.3","pandocfilters==1.5.0","panel==0.14.3","param==1.12.3","paramiko==2.8.1","parsel==1.6.0","parso==0.8.3","partd==1.2.0","pathlib==1.0.1","pathspec==0.10.3","pathy==0.10.1","patsy==0.5.3","pep8==1.7.1","pexpect==4.8.0","pickleshare==0.7.5","pillow==9.4.0","pip==22.3.1","pkginfo==1.9.6","platformdirs==2.5.2","plotly==5.9.0","pluggy==1.0.0","ply==3.11","pooch==1.4.0","poyo==0.5.0","preshed==3.0.8","prometheus-client==0.14.1","prompt-toolkit==3.0.36","protego==0.1.16","psutil==5.9.0","ptyprocess==0.7.0","pure-eval==0.2.2","py==1.11.0","pyasn1-modules==0.2.8","pyasn1==0.4.8","pycodestyle==2.10.0","pycosat==0.6.4","pycparser==2.21","pyct==0.5.0","pycurl==7.45.1","pydantic==1.10.9","pydispatcher==2.0.5","pydocstyle==6.3.0","pyerfa==2.0.0","pyflakes==3.0.1","pygments==2.15.1","pyhamcrest==2.0.2","pyjwt==2.4.0","pylint-venv==2.3.0","pylint==2.16.2","pyls-spyder==0.4.0","pynacl==1.5.0","pyodbc==4.0.34","pyopenssl==23.0.0","pyparsing==3.0.9","pyqt5-sip==12.11.0","pyqt5==5.15.7","pyqtwebengine==5.15.4","pyrsistent==0.18.0","pysocks==1.7.1","pytest==7.1.2","python-box==6.1.0","python-dateutil==2.8.2","python-lsp-black==1.2.1","python-lsp-jsonrpc==1.0.0","python-lsp-server==1.7.1","python-slugify==5.0.2","python-snappy==0.6.1","pytoolconfig==1.2.5","pytz==2022.7","pyviz-comms==2.0.2","pywavelets==1.4.1","pywin32-ctypes==0.2.0","pywin32==305.1","pywinpty==2.0.10","pyyaml==6.0","pyzmq==23.2.0","qdarkstyle==3.0.2","qstylizer==0.2.2","qtawesome==1.2.2","qtconsole==5.4.0","qtpy==2.2.0","queuelib==1.5.0","regex==2022.7.9","requests-file==1.5.1","requests-toolbelt==1.0.0","requests==2.31.0","rich==13.4.1","rope==1.7.0","rtree==1.0.1","ruamel-yaml-conda==0.17.21","ruamel.yaml.clib==0.2.6","ruamel.yaml==0.17.21","scikit-image==0.19.3","scikit-learn-intelex==20230228.214818","scikit-learn==1.2.1","scipy==1.10.0","scrapy==2.8.0","seaborn==0.12.2","semantic-version==2.10.0","send2trash==1.8.0","sentry-sdk==1.25.1","service-identity==18.1.0","setuptools==65.6.3","simplejson==3.19.1","sip==6.6.2","six==1.16.0","smart-open==5.2.1","sniffio==1.2.0","snowballstemmer==2.2.0","sortedcontainers==2.4.0","soupsieve==2.3.2.post1","spacy-legacy==3.0.12","spacy-loggers==1.0.4","spacy==3.5.3","sphinx==5.0.2","sphinxcontrib-applehelp==1.0.2","sphinxcontrib-devhelp==1.0.2","sphinxcontrib-htmlhelp==2.0.0","sphinxcontrib-jsmath==1.0.1","sphinxcontrib-qthelp==1.0.3","sphinxcontrib-serializinghtml==1.1.5","spyder-kernels==2.4.1","spyder==5.4.1","sqlalchemy==1.4.39","srsly==2.4.6","stack-data==0.2.0","statsmodels==0.13.5","sympy==1.11.1","tables==3.7.0","tabulate==0.8.10","tbb==0.2","tblib==1.7.0","tenacity==8.0.1","terminado==0.17.1","text-unidecode==1.3","textdistance==4.2.1","thinc==8.1.10","threadpoolctl==2.2.0","three-merge==0.1.1","tifffile==2021.7.2","tinycss2==1.2.1","tldextract==3.2.0","tokenizers==0.11.4","toml==0.10.2","tomli==2.0.1","tomlkit==0.11.1","toolz==0.12.0","torch==1.12.1","tornado==6.1","tqdm==4.64.1","traitlets==5.7.1","transformers==4.24.0","twisted-iocpsupport==1.0.2","twisted==22.2.0","typer==0.7.0","typing-extensions==4.4.0","ujson==5.4.0","unidecode==1.2.0","urllib3==2.0.3","w3lib==1.21.0","wasabi==1.1.2","watchdog==2.1.6","wcwidth==0.2.5","webencodings==0.5.1","websocket-client==0.58.0","werkzeug==2.2.2","whatthepatch==1.0.2","wheel==0.38.4","widgetsnbextension==3.5.2","win-inet-pton==1.1.0","wincertstore==0.2","wordcloud==1.9.2","wrapt==1.14.1","wurlitzer==3.0.3","xarray==2022.11.0","xgboost==1.7.5","xlwings==0.29.1","yapf==0.31.0","zict==2.1.0","zipp==3.11.0","zope.interface==5.4.0","zstandard==0.19.0"]},"type":"installed_packages"}
{"payload":{"local_timestamp":1687422726122,"output":"\u001b[1;38;5;196mCOMET ERROR:\u001b[0m File-like could not be uploaded: ValueError('Uploading file-like failed (400) with max retries: 4 on url \\'https://www.comet.com/clientlib/asset/upload\\': b\\'{\"msg\":\"User not allowed to upload asset for this experiment.\",\"code\":400,\"data\":null,\"sdk_error_code\":0}\\'')\n","stderr":true},"type":"standard_output"}
{"payload":{"command":["C:\\Users\\alvar\\anaconda3\\anaconda\\lib\\site-packages\\ipykernel_launcher.py","-f","C:\\Users\\alvar\\AppData\\Roaming\\jupyter\\runtime\\kernel-ed1a20cc-c099-4d6a-a099-bf7a89e339de.json"],"env":null,"hostname":"LAPTOP-O623R23V","ip":"192.168.43.165","machine":"AMD64","os":"Windows-10-10.0.22000-SP0","os_release":"10","os_type":"Windows","pid":14612,"processor":"Intel64 Family 6 Model 140 Stepping 1, GenuineIntel","python_exe":"C:\\Users\\alvar\\anaconda3\\anaconda\\python.exe","python_version":"3.10.9","python_version_verbose":"3.10.9 | packaged by Anaconda, Inc. | (main, Mar  1 2023, 18:18:15) [MSC v.1916 64 bit (AMD64)]","user":"Chikezie Ezenna"},"type":"system_details"}
{"payload":{"local_timestamp":1687422726303,"param":{"paramName":"f","paramValue":"C:\\Users\\alvar\\AppData\\Roaming\\jupyter\\runtime\\kernel-ed1a20cc-c099-4d6a-a099-bf7a89e339de.json","source":"cli","step":null}},"type":"parameter_msg"}
{"payload":{"git_metadata":{"branch":"refs/heads/master","origin":null,"parent":null,"repo_name":null,"root":null,"status":null,"user":"Chikezie Ezenna"}},"type":"git_metadata"}
{"payload":{"local_timestamp":1687422726612,"metric":{"epoch":null,"metricName":"sys.cpu.percent.avg","metricValue":41.075,"step":null}},"type":"metric_msg"}
{"payload":{"local_timestamp":1687422726612,"metric":{"epoch":null,"metricName":"sys.compute.overall","metricValue":41.1,"step":null}},"type":"metric_msg"}
{"payload":{"local_timestamp":1687422726612,"metric":{"epoch":null,"metricName":"sys.compute.utilized","metricValue":5.0,"step":null}},"type":"metric_msg"}
{"payload":{"local_timestamp":1687422726612,"metric":{"epoch":null,"metricName":"sys.load.avg","metricValue":0.62,"step":null}},"type":"metric_msg"}
{"payload":{"local_timestamp":1687422726612,"metric":{"epoch":null,"metricName":"sys.ram.total","metricValue":8344559616,"step":null}},"type":"metric_msg"}
{"payload":{"local_timestamp":1687422726612,"metric":{"epoch":null,"metricName":"sys.ram.used","metricValue":7748902912,"step":null}},"type":"metric_msg"}
{"payload":{"local_timestamp":1687422726947,"output":"\u001b[1;38;5;39mCOMET INFO:\u001b[0m Experiment is live on comet.com https://www.comet.com/chikoeze21/climate-change-sentiment/6f3d9067897949e3aa743e44b1d96b9b\n\n","stderr":true},"type":"standard_output"}
{"payload":{"local_timestamp":1687422734605,"param":{"paramName":"k","paramValue":95000,"source":"auto-logged","step":null}},"type":"parameter_msg"}
{"payload":{"local_timestamp":1687422734605,"param":{"paramName":"score_func","paramValue":"<function f_classif at 0x000002C1834F2830>","source":"auto-logged","step":null}},"type":"parameter_msg"}
{"payload":{"local_timestamp":1687422734627,"output":"C:\\Users\\alvar\\anaconda3\\anaconda\\lib\\site-packages\\sklearn\\feature_selection\\_univariate_selection.py:112: UserWarning:\n\nFeatures [0 0 0 ... 0 0 0] are constant.\n\n","stderr":true},"type":"standard_output"}
{"payload":{"local_timestamp":1687422734627,"output":"C:\\Users\\alvar\\anaconda3\\anaconda\\lib\\site-packages\\sklearn\\feature_selection\\_univariate_selection.py:113: RuntimeWarning:\n\ninvalid value encountered in divide\n\n","stderr":true},"type":"standard_output"}
{"payload":{"local_timestamp":1687422734760,"param":{"paramName":"score_func","paramValue":"<function f_classif at 0x000002C1834F2830>","source":"auto-logged","step":null}},"type":"parameter_msg"}
{"payload":{"local_timestamp":1687422737425,"param":{"paramName":"algorithm","paramValue":"auto","source":"auto-logged","step":null}},"type":"parameter_msg"}
{"payload":{"local_timestamp":1687422737425,"param":{"paramName":"leaf_size","paramValue":30,"source":"auto-logged","step":null}},"type":"parameter_msg"}
{"payload":{"local_timestamp":1687422737425,"param":{"paramName":"metric","paramValue":"minkowski","source":"auto-logged","step":null}},"type":"parameter_msg"}
{"payload":{"local_timestamp":1687422737425,"param":{"paramName":"metric_params","paramValue":null,"source":"auto-logged","step":null}},"type":"parameter_msg"}
{"payload":{"local_timestamp":1687422737425,"param":{"paramName":"n_jobs","paramValue":null,"source":"auto-logged","step":null}},"type":"parameter_msg"}
{"payload":{"local_timestamp":1687422737425,"param":{"paramName":"n_neighbors","paramValue":6,"source":"auto-logged","step":null}},"type":"parameter_msg"}
{"payload":{"local_timestamp":1687422737425,"param":{"paramName":"p","paramValue":2,"source":"auto-logged","step":null}},"type":"parameter_msg"}
{"payload":{"local_timestamp":1687422737425,"param":{"paramName":"radius","paramValue":1.0,"source":"auto-logged","step":null}},"type":"parameter_msg"}
{"payload":{"local_timestamp":1687422742608,"output":"The training dataset has (27216, 95000) shape","stderr":false},"type":"standard_output"}
{"payload":{"local_timestamp":1687422742608,"output":"\n","stderr":false},"type":"standard_output"}
{"payload":{"local_timestamp":1687422742608,"output":"The testing dataset has (27216, 95000) shape","stderr":false},"type":"standard_output"}
{"payload":{"local_timestamp":1687422742608,"output":"\n","stderr":false},"type":"standard_output"}
{"payload":{"additional_params":{"assetId":"fb8932b3d7cb4644a721a031e2d3f4a0","context":null,"epoch":null,"extension":"yml","fileName":"conda-environment.yml","overwrite":false,"runId":"tlwlHXUBd9LHtq1QWleRUP9k9","step":null,"type":"conda-environment-definition"},"clean":true,"file_path":"tmp_z4tvx39","local_timestamp":1687422742786,"metadata":{},"upload_type":"conda-environment-definition"},"type":"file_upload"}
{"payload":{"additional_params":{"assetId":"8c796c5c89c94948981b62b805b1bef6","context":null,"epoch":null,"extension":"txt","fileName":"conda-spec.txt","overwrite":false,"runId":"tlwlHXUBd9LHtq1QWleRUP9k9","step":null,"type":"conda-specification"},"clean":true,"file_path":"tmp6c0_zb_d","local_timestamp":1687422748921,"metadata":{},"upload_type":"conda-specification"},"type":"file_upload"}
{"payload":{"additional_params":{"assetId":"71f8bb39bee14072b29d3ff2610fd169","context":null,"epoch":null,"extension":"yml","fileName":"conda-info.yml","overwrite":false,"runId":"tlwlHXUBd9LHtq1QWleRUP9k9","step":null,"type":"conda-info"},"clean":true,"file_path":"tmp9fa338m8","local_timestamp":1687422751456,"metadata":{},"upload_type":"conda-info"},"type":"file_upload"}
{"payload":{"local_timestamp":1687422787562,"metric":{"epoch":null,"metricName":"sys.cpu.percent.avg","metricValue":52.650000000000006,"step":null}},"type":"metric_msg"}
{"payload":{"local_timestamp":1687422787562,"metric":{"epoch":null,"metricName":"sys.compute.overall","metricValue":52.7,"step":null}},"type":"metric_msg"}
{"payload":{"local_timestamp":1687422787562,"metric":{"epoch":null,"metricName":"sys.compute.utilized","metricValue":5.0,"step":null}},"type":"metric_msg"}
{"payload":{"local_timestamp":1687422787562,"metric":{"epoch":null,"metricName":"sys.load.avg","metricValue":4.36,"step":null}},"type":"metric_msg"}
{"payload":{"local_timestamp":1687422787562,"metric":{"epoch":null,"metricName":"sys.ram.total","metricValue":8344559616,"step":null}},"type":"metric_msg"}
{"payload":{"local_timestamp":1687422787562,"metric":{"epoch":null,"metricName":"sys.ram.used","metricValue":7637958656,"step":null}},"type":"metric_msg"}
{"payload":{"local_timestamp":1687422810875,"param":{"paramName":"C","paramValue":1,"source":"auto-logged","step":null}},"type":"parameter_msg"}
{"payload":{"local_timestamp":1687422810875,"param":{"paramName":"break_ties","paramValue":false,"source":"auto-logged","step":null}},"type":"parameter_msg"}
{"payload":{"local_timestamp":1687422810875,"param":{"paramName":"cache_size","paramValue":200,"source":"auto-logged","step":null}},"type":"parameter_msg"}
{"payload":{"local_timestamp":1687422810875,"param":{"paramName":"class_weight","paramValue":null,"source":"auto-logged","step":null}},"type":"parameter_msg"}
{"payload":{"local_timestamp":1687422810876,"param":{"paramName":"coef0","paramValue":0.0,"source":"auto-logged","step":null}},"type":"parameter_msg"}
{"payload":{"local_timestamp":1687422810876,"param":{"paramName":"decision_function_shape","paramValue":"ovr","source":"auto-logged","step":null}},"type":"parameter_msg"}
{"payload":{"local_timestamp":1687422810876,"param":{"paramName":"degree","paramValue":3,"source":"auto-logged","step":null}},"type":"parameter_msg"}
{"payload":{"local_timestamp":1687422810876,"param":{"paramName":"gamma","paramValue":2,"source":"auto-logged","step":null}},"type":"parameter_msg"}
{"payload":{"local_timestamp":1687422810876,"param":{"paramName":"kernel","paramValue":"linear","source":"auto-logged","step":null}},"type":"parameter_msg"}
{"payload":{"local_timestamp":1687422810876,"param":{"paramName":"max_iter","paramValue":-1,"source":"auto-logged","step":null}},"type":"parameter_msg"}
{"payload":{"local_timestamp":1687422810876,"param":{"paramName":"probability","paramValue":false,"source":"auto-logged","step":null}},"type":"parameter_msg"}
{"payload":{"local_timestamp":1687422810876,"param":{"paramName":"random_state","paramValue":null,"source":"auto-logged","step":null}},"type":"parameter_msg"}
{"payload":{"local_timestamp":1687422810876,"param":{"paramName":"shrinking","paramValue":true,"source":"auto-logged","step":null}},"type":"parameter_msg"}
{"payload":{"local_timestamp":1687422810876,"param":{"paramName":"tol","paramValue":0.001,"source":"auto-logged","step":null}},"type":"parameter_msg"}
{"payload":{"local_timestamp":1687422810876,"param":{"paramName":"verbose","paramValue":false,"source":"auto-logged","step":null}},"type":"parameter_msg"}
{"payload":{"local_timestamp":1687422848461,"metric":{"epoch":null,"metricName":"sys.cpu.percent.avg","metricValue":44.625,"step":null}},"type":"metric_msg"}
{"payload":{"local_timestamp":1687422848461,"metric":{"epoch":null,"metricName":"sys.compute.overall","metricValue":44.6,"step":null}},"type":"metric_msg"}
{"payload":{"local_timestamp":1687422848461,"metric":{"epoch":null,"metricName":"sys.compute.utilized","metricValue":99.8,"step":null}},"type":"metric_msg"}
{"payload":{"local_timestamp":1687422848461,"metric":{"epoch":null,"metricName":"sys.load.avg","metricValue":1.66,"step":null}},"type":"metric_msg"}
{"payload":{"local_timestamp":1687422848461,"metric":{"epoch":null,"metricName":"sys.ram.total","metricValue":8344559616,"step":null}},"type":"metric_msg"}
{"payload":{"local_timestamp":1687422848461,"metric":{"epoch":null,"metricName":"sys.ram.used","metricValue":7587311616,"step":null}},"type":"metric_msg"}
{"payload":{"local_timestamp":1687422853158,"output":"              precision    recall  f1-score   support\n\n     2: News       0.90      0.30      0.45       272\n      1: Pro       0.71      0.32      0.44       477\n  0: Neutral       0.71      0.93      0.81      1726\n    -1: Anti       0.82      0.69      0.75       689\n\n    accuracy                           0.73      3164\n   macro avg       0.78      0.56      0.61      3164\nweighted avg       0.75      0.73      0.71      3164\n","stderr":false},"type":"standard_output"}
{"payload":{"local_timestamp":1687422853158,"output":"\n","stderr":false},"type":"standard_output"}
{"payload":{"local_timestamp":1687422853190,"param":{"paramName":"alpha","paramValue":1.0,"source":"auto-logged","step":null}},"type":"parameter_msg"}
{"payload":{"local_timestamp":1687422853190,"param":{"paramName":"copy_X","paramValue":true,"source":"auto-logged","step":null}},"type":"parameter_msg"}
{"payload":{"local_timestamp":1687422853190,"param":{"paramName":"fit_intercept","paramValue":true,"source":"auto-logged","step":null}},"type":"parameter_msg"}
{"payload":{"local_timestamp":1687422853190,"param":{"paramName":"max_iter","paramValue":null,"source":"auto-logged","step":null}},"type":"parameter_msg"}
{"payload":{"local_timestamp":1687422853190,"param":{"paramName":"positive","paramValue":false,"source":"auto-logged","step":null}},"type":"parameter_msg"}
{"payload":{"local_timestamp":1687422853190,"param":{"paramName":"solver","paramValue":"auto","source":"auto-logged","step":null}},"type":"parameter_msg"}
{"payload":{"local_timestamp":1687422853190,"param":{"paramName":"tol","paramValue":0.0001,"source":"auto-logged","step":null}},"type":"parameter_msg"}
{"payload":{"local_timestamp":1687422853193,"param":{"paramName":"neg_label","paramValue":-1,"source":"auto-logged","step":null}},"type":"parameter_msg"}
{"payload":{"local_timestamp":1687422853193,"param":{"paramName":"pos_label","paramValue":1,"source":"auto-logged","step":null}},"type":"parameter_msg"}
{"payload":{"local_timestamp":1687422853193,"param":{"paramName":"sparse_output","paramValue":false,"source":"auto-logged","step":null}},"type":"parameter_msg"}
{"payload":{"local_timestamp":1687422853524,"output":"              precision    recall  f1-score   support\n\n     2: News       0.93      0.36      0.52       272\n      1: Pro       0.72      0.31      0.44       477\n  0: Neutral       0.72      0.93      0.81      1726\n    -1: Anti       0.79      0.71      0.74       689\n\n    accuracy                           0.74      3164\n   macro avg       0.79      0.58      0.63      3164\nweighted avg       0.75      0.74      0.71      3164\n","stderr":false},"type":"standard_output"}
{"payload":{"local_timestamp":1687422853524,"output":"\n","stderr":false},"type":"standard_output"}
{"payload":{"local_timestamp":1687422880851,"output":"              precision    recall  f1-score   support\n\n     2: News       0.93      0.36      0.52       272\n      1: Pro       0.72      0.31      0.44       477\n  0: Neutral       0.72      0.93      0.81      1726\n    -1: Anti       0.79      0.71      0.74       689\n\n    accuracy                           0.74      3164\n   macro avg       0.79      0.58      0.63      3164\nweighted avg       0.75      0.74      0.71      3164\n","stderr":false},"type":"standard_output"}
{"payload":{"local_timestamp":1687422880851,"output":"\n","stderr":false},"type":"standard_output"}
{"payload":{"local_timestamp":1687422883117,"param":{"paramName":"cv","paramValue":5,"source":"auto-logged","step":null}},"type":"parameter_msg"}
{"payload":{"local_timestamp":1687422883117,"param":{"paramName":"error_score","paramValue":"NaN","source":"auto-logged","step":null}},"type":"parameter_msg"}
{"payload":{"local_timestamp":1687422883117,"param":{"paramName":"estimator","paramValue":"RidgeClassifier()","source":"auto-logged","step":null}},"type":"parameter_msg"}
{"payload":{"local_timestamp":1687422883117,"param":{"paramName":"estimator__alpha","paramValue":1.0,"source":"auto-logged","step":null}},"type":"parameter_msg"}
{"payload":{"local_timestamp":1687422883117,"param":{"paramName":"estimator__class_weight","paramValue":null,"source":"auto-logged","step":null}},"type":"parameter_msg"}
{"payload":{"local_timestamp":1687422883117,"param":{"paramName":"estimator__copy_X","paramValue":true,"source":"auto-logged","step":null}},"type":"parameter_msg"}
{"payload":{"local_timestamp":1687422883117,"param":{"paramName":"estimator__fit_intercept","paramValue":true,"source":"auto-logged","step":null}},"type":"parameter_msg"}
{"payload":{"local_timestamp":1687422883117,"param":{"paramName":"estimator__max_iter","paramValue":null,"source":"auto-logged","step":null}},"type":"parameter_msg"}
{"payload":{"local_timestamp":1687422883118,"param":{"paramName":"estimator__positive","paramValue":false,"source":"auto-logged","step":null}},"type":"parameter_msg"}
{"payload":{"local_timestamp":1687422883118,"param":{"paramName":"estimator__random_state","paramValue":null,"source":"auto-logged","step":null}},"type":"parameter_msg"}
{"payload":{"local_timestamp":1687422883118,"param":{"paramName":"estimator__solver","paramValue":"auto","source":"auto-logged","step":null}},"type":"parameter_msg"}
{"payload":{"local_timestamp":1687422883118,"param":{"paramName":"estimator__tol","paramValue":0.0001,"source":"auto-logged","step":null}},"type":"parameter_msg"}
{"payload":{"local_timestamp":1687422883118,"param":{"paramName":"param_grid","paramValue":"{\"alpha\": [0.1, 1.0, 10.0]}","source":"auto-logged","step":null}},"type":"parameter_msg"}
{"payload":{"local_timestamp":1687422883118,"param":{"paramName":"pre_dispatch","paramValue":"2*n_jobs","source":"auto-logged","step":null}},"type":"parameter_msg"}
{"payload":{"local_timestamp":1687422883118,"param":{"paramName":"refit","paramValue":true,"source":"auto-logged","step":null}},"type":"parameter_msg"}
{"payload":{"local_timestamp":1687422883118,"param":{"paramName":"return_train_score","paramValue":false,"source":"auto-logged","step":null}},"type":"parameter_msg"}
{"payload":{"local_timestamp":1687422883118,"param":{"paramName":"scoring","paramValue":null,"source":"auto-logged","step":null}},"type":"parameter_msg"}
{"payload":{"local_timestamp":1687422883143,"param":{"paramName":"alpha","paramValue":0.1,"source":"auto-logged","step":null}},"type":"parameter_msg"}
{"payload":{"local_timestamp":1687422885623,"param":{"paramName":"alpha","paramValue":1.0,"source":"auto-logged","step":null}},"type":"parameter_msg"}
{"payload":{"local_timestamp":1687422886703,"param":{"paramName":"alpha","paramValue":10.0,"source":"auto-logged","step":null}},"type":"parameter_msg"}
{"payload":{"local_timestamp":1687422887271,"param":{"paramName":"alpha","paramValue":0.1,"source":"auto-logged","step":null}},"type":"parameter_msg"}
{"payload":{"local_timestamp":1687422887880,"param":{"paramName":"error_score","paramValue":"NaN","source":"auto-logged","step":null}},"type":"parameter_msg"}
{"payload":{"local_timestamp":1687422887880,"param":{"paramName":"param_grid","paramValue":"{\"alpha\": [0.1, 1.0, 10.0]}","source":"auto-logged","step":null}},"type":"parameter_msg"}
{"payload":{"local_timestamp":1687422888615,"output":"              precision    recall  f1-score   support\n\n     2: News       0.85      0.41      0.55       272\n      1: Pro       0.64      0.38      0.48       477\n  0: Neutral       0.74      0.90      0.81      1726\n    -1: Anti       0.76      0.73      0.75       689\n\n    accuracy                           0.74      3164\n   macro avg       0.75      0.60      0.65      3164\nweighted avg       0.74      0.74      0.72      3164\n","stderr":false},"type":"standard_output"}
{"payload":{"local_timestamp":1687422888615,"output":"\n","stderr":false},"type":"standard_output"}
{"payload":{"local_timestamp":1687422888615,"output":"Best Hyperparameters:","stderr":false},"type":"standard_output"}
{"payload":{"local_timestamp":1687422888615,"output":" ","stderr":false},"type":"standard_output"}
{"payload":{"local_timestamp":1687422888615,"output":"{'alpha': 0.1}","stderr":false},"type":"standard_output"}
{"payload":{"local_timestamp":1687422888615,"output":"\n","stderr":false},"type":"standard_output"}
{"payload":{"local_timestamp":1687422888633,"param":{"paramName":"n_neighbors","paramValue":5,"source":"auto-logged","step":null}},"type":"parameter_msg"}
{"payload":{"local_timestamp":1687422888633,"param":{"paramName":"weights","paramValue":"uniform","source":"auto-logged","step":null}},"type":"parameter_msg"}
{"payload":{"local_timestamp":1687422893230,"output":"              precision    recall  f1-score   support\n\n     2: News       0.82      0.14      0.23       272\n      1: Pro       0.20      0.99      0.33       477\n  0: Neutral       0.80      0.26      0.39      1726\n    -1: Anti       0.91      0.27      0.41       689\n\n    accuracy                           0.36      3164\n   macro avg       0.68      0.41      0.34      3164\nweighted avg       0.73      0.36      0.37      3164\n","stderr":false},"type":"standard_output"}
{"payload":{"local_timestamp":1687422893230,"output":"\n","stderr":false},"type":"standard_output"}
{"payload":{"local_timestamp":1687422905832,"output":"              precision    recall  f1-score   support\n\n     2: News       0.82      0.14      0.23       272\n      1: Pro       0.20      0.99      0.33       477\n  0: Neutral       0.80      0.26      0.39      1726\n    -1: Anti       0.91      0.27      0.41       689\n\n    accuracy                           0.36      3164\n   macro avg       0.68      0.41      0.34      3164\nweighted avg       0.73      0.36      0.37      3164\n","stderr":false},"type":"standard_output"}
{"payload":{"local_timestamp":1687422905833,"output":"\n","stderr":false},"type":"standard_output"}
{"payload":{"local_timestamp":1687422905893,"param":{"paramName":"alpha","paramValue":1.0,"source":"auto-logged","step":null}},"type":"parameter_msg"}
{"payload":{"local_timestamp":1687422905893,"param":{"paramName":"class_prior","paramValue":null,"source":"auto-logged","step":null}},"type":"parameter_msg"}
{"payload":{"local_timestamp":1687422905893,"param":{"paramName":"fit_prior","paramValue":true,"source":"auto-logged","step":null}},"type":"parameter_msg"}
{"payload":{"local_timestamp":1687422905893,"param":{"paramName":"force_alpha","paramValue":"warn","source":"auto-logged","step":null}},"type":"parameter_msg"}
{"payload":{"local_timestamp":1687422905896,"param":{"paramName":"neg_label","paramValue":0,"source":"auto-logged","step":null}},"type":"parameter_msg"}
{"payload":{"local_timestamp":1687422905939,"output":"              precision    recall  f1-score   support\n\n     2: News       1.00      0.03      0.05       272\n      1: Pro       1.00      0.06      0.12       477\n  0: Neutral       0.61      0.99      0.75      1726\n    -1: Anti       0.91      0.42      0.58       689\n\n    accuracy                           0.64      3164\n   macro avg       0.88      0.38      0.37      3164\nweighted avg       0.77      0.64      0.56      3164\n","stderr":false},"type":"standard_output"}
{"payload":{"local_timestamp":1687422905939,"output":"\n","stderr":false},"type":"standard_output"}
{"payload":{"local_timestamp":1687422909469,"metric":{"epoch":null,"metricName":"sys.cpu.percent.avg","metricValue":55.8,"step":null}},"type":"metric_msg"}
{"payload":{"local_timestamp":1687422909469,"metric":{"epoch":null,"metricName":"sys.compute.overall","metricValue":55.8,"step":null}},"type":"metric_msg"}
{"payload":{"local_timestamp":1687422909469,"metric":{"epoch":null,"metricName":"sys.compute.utilized","metricValue":0.0,"step":null}},"type":"metric_msg"}
{"payload":{"local_timestamp":1687422909469,"metric":{"epoch":null,"metricName":"sys.load.avg","metricValue":6.81,"step":null}},"type":"metric_msg"}
{"payload":{"local_timestamp":1687422909469,"metric":{"epoch":null,"metricName":"sys.ram.total","metricValue":8344559616,"step":null}},"type":"metric_msg"}
{"payload":{"local_timestamp":1687422909469,"metric":{"epoch":null,"metricName":"sys.ram.used","metricValue":7190704128,"step":null}},"type":"metric_msg"}
{"payload":{"key":"Name","value":"Support vector"},"type":"log_other"}
{"payload":{"context":"validate","local_timestamp":1687422923248,"metric":{"epoch":null,"metricName":"accuracy","metricValue":0.7338811630847029,"step":null}},"type":"metric_msg"}
{"payload":{"context":"validate","local_timestamp":1687422923265,"output":"\u001b[1;38;5;214mCOMET WARNING:\u001b[0m Cannot safely convert array([0.44751381, 0.44219653, 0.80589558, 0.74744296]) object to a scalar value, using its string representation for logging. Resulting string might be invalid\n","stderr":true},"type":"standard_output"}
{"payload":{"context":"validate","local_timestamp":1687422923248,"metric":{"epoch":null,"metricName":"f1-score","metricValue":"[0.44751381 0.44219653 0.80589558 0.74744296]","step":null}},"type":"metric_msg"}
{"payload":{"context":"validate","local_timestamp":1687422923265,"output":"\u001b[1;38;5;214mCOMET WARNING:\u001b[0m Cannot safely convert array([0.9       , 0.71162791, 0.70838823, 0.8161512 ]) object to a scalar value, using its string representation for logging. Resulting string might be invalid\n","stderr":true},"type":"standard_output"}
{"payload":{"context":"validate","local_timestamp":1687422923265,"metric":{"epoch":null,"metricName":"precision","metricValue":"[0.9        0.71162791 0.70838823 0.8161512 ]","step":null}},"type":"metric_msg"}
{"payload":{"context":"validate","local_timestamp":1687422923265,"output":"\u001b[1;38;5;214mCOMET WARNING:\u001b[0m Cannot safely convert array([0.29779412, 0.32075472, 0.93453071, 0.68940493]) object to a scalar value, using its string representation for logging. Resulting string might be invalid\n","stderr":true},"type":"standard_output"}
{"payload":{"context":"validate","local_timestamp":1687422923265,"metric":{"epoch":null,"metricName":"recall","metricValue":"[0.29779412 0.32075472 0.93453071 0.68940493]","step":null}},"type":"metric_msg"}
{"payload":{"context":"validate","local_timestamp":1687422923279,"output":"\u001b[1;38;5;196mCOMET ERROR:\u001b[0m Error creating confusion matrix: 0; ignoring\n","stderr":true},"type":"standard_output"}
{"payload":{"additional_params":{"assetId":"7ecc51c1986b41eabb9d338eaad5c079","context":null,"epoch":null,"fileName":"Jupyter interactive","overwrite":false,"runId":"tlwlHXUBd9LHtq1QWleRUP9k9","step":null,"type":"source_code"},"clean":true,"file_path":"tmp0sohw0qf","local_timestamp":1687422928248,"metadata":{"source_code_type":"experiment_creation"},"upload_type":"source_code"},"type":"file_upload"}
{"payload":{"additional_params":{"assetId":"18450138e71440b88556f033a7dea4f6","context":null,"epoch":null,"extension":"ipynb","fileName":"Code.ipynb","overwrite":true,"runId":"tlwlHXUBd9LHtq1QWleRUP9k9","step":null,"type":"notebook"},"clean":true,"file_path":"tmpfk3ss6xj","local_timestamp":1687422928258,"metadata":{},"upload_type":"notebook"},"type":"file_upload"}
{"payload":{"key":"Created from","value":"scikit-learn"},"type":"log_other"}
{"payload":{"local_timestamp":1687422928237,"output":"\u001b[1;38;5;39mCOMET INFO:\u001b[0m ---------------------------------------------------------------------------------------\n","stderr":true},"type":"standard_output"}
{"payload":{"local_timestamp":1687422928246,"output":"\u001b[1;38;5;39mCOMET INFO:\u001b[0m Comet.ml Experiment Summary\n","stderr":true},"type":"standard_output"}
{"payload":{"local_timestamp":1687422928246,"output":"\u001b[1;38;5;39mCOMET INFO:\u001b[0m ---------------------------------------------------------------------------------------\n","stderr":true},"type":"standard_output"}
{"payload":{"local_timestamp":1687422928247,"output":"\u001b[1;38;5;39mCOMET INFO:\u001b[0m   Data:\n","stderr":true},"type":"standard_output"}
{"payload":{"local_timestamp":1687422928248,"output":"\u001b[1;38;5;39mCOMET INFO:\u001b[0m     display_summary_level : 1\n","stderr":true},"type":"standard_output"}
{"payload":{"local_timestamp":1687422928249,"output":"\u001b[1;38;5;39mCOMET INFO:\u001b[0m     url                   : https://www.comet.com/chikoeze21/climate-change-sentiment/6f3d9067897949e3aa743e44b1d96b9b\n","stderr":true},"type":"standard_output"}
{"payload":{"local_timestamp":1687422928249,"output":"\u001b[1;38;5;39mCOMET INFO:\u001b[0m   Metrics:\n","stderr":true},"type":"standard_output"}
{"payload":{"local_timestamp":1687422928249,"output":"\u001b[1;38;5;39mCOMET INFO:\u001b[0m     validate_accuracy  : 0.7338811630847029\n","stderr":true},"type":"standard_output"}
{"payload":{"local_timestamp":1687422928251,"output":"\u001b[1;38;5;39mCOMET INFO:\u001b[0m     validate_f1-score  : [0.44751381 0.44219653 0.80589558 0.74744296]\n","stderr":true},"type":"standard_output"}
{"payload":{"local_timestamp":1687422928252,"output":"\u001b[1;38;5;39mCOMET INFO:\u001b[0m     validate_precision : [0.9        0.71162791 0.70838823 0.8161512 ]\n","stderr":true},"type":"standard_output"}
{"payload":{"local_timestamp":1687422928252,"output":"\u001b[1;38;5;39mCOMET INFO:\u001b[0m     validate_recall    : [0.29779412 0.32075472 0.93453071 0.68940493]\n","stderr":true},"type":"standard_output"}
{"payload":{"local_timestamp":1687422928252,"output":"\u001b[1;38;5;39mCOMET INFO:\u001b[0m   Others:\n","stderr":true},"type":"standard_output"}
{"payload":{"local_timestamp":1687422928253,"output":"\u001b[1;38;5;39mCOMET INFO:\u001b[0m     Name : Support vector\n","stderr":true},"type":"standard_output"}
{"payload":{"local_timestamp":1687422928254,"output":"\u001b[1;38;5;39mCOMET INFO:\u001b[0m   Parameters:\n","stderr":true},"type":"standard_output"}
{"payload":{"local_timestamp":1687422928256,"output":"\u001b[1;38;5;39mCOMET INFO:\u001b[0m     C                        : 1\n","stderr":true},"type":"standard_output"}
{"payload":{"local_timestamp":1687422928257,"output":"\u001b[1;38;5;39mCOMET INFO:\u001b[0m     algorithm                : auto\n","stderr":true},"type":"standard_output"}
{"payload":{"local_timestamp":1687422928257,"output":"\u001b[1;38;5;39mCOMET INFO:\u001b[0m     alpha                    : 1.0\n","stderr":true},"type":"standard_output"}
{"payload":{"local_timestamp":1687422928258,"output":"\u001b[1;38;5;39mCOMET INFO:\u001b[0m     break_ties               : False\n","stderr":true},"type":"standard_output"}
{"payload":{"local_timestamp":1687422928258,"output":"\u001b[1;38;5;39mCOMET INFO:\u001b[0m     cache_size               : 200\n","stderr":true},"type":"standard_output"}
{"payload":{"local_timestamp":1687422928259,"output":"\u001b[1;38;5;39mCOMET INFO:\u001b[0m     class_prior              : 1\n","stderr":true},"type":"standard_output"}
{"payload":{"local_timestamp":1687422928259,"output":"\u001b[1;38;5;39mCOMET INFO:\u001b[0m     class_weight             : 1\n","stderr":true},"type":"standard_output"}
{"payload":{"local_timestamp":1687422928260,"output":"\u001b[1;38;5;39mCOMET INFO:\u001b[0m     coef0                    : 0.0\n","stderr":true},"type":"standard_output"}
{"payload":{"local_timestamp":1687422928260,"output":"\u001b[1;38;5;39mCOMET INFO:\u001b[0m     copy_X                   : True\n","stderr":true},"type":"standard_output"}
{"payload":{"local_timestamp":1687422928261,"output":"\u001b[1;38;5;39mCOMET INFO:\u001b[0m     cv                       : 5\n","stderr":true},"type":"standard_output"}
{"payload":{"local_timestamp":1687422928262,"output":"\u001b[1;38;5;39mCOMET INFO:\u001b[0m     decision_function_shape  : ovr\n","stderr":true},"type":"standard_output"}
{"payload":{"local_timestamp":1687422928262,"output":"\u001b[1;38;5;39mCOMET INFO:\u001b[0m     degree                   : 3\n","stderr":true},"type":"standard_output"}
{"payload":{"local_timestamp":1687422928263,"output":"\u001b[1;38;5;39mCOMET INFO:\u001b[0m     error_score              : nan\n","stderr":true},"type":"standard_output"}
{"payload":{"local_timestamp":1687422928264,"output":"\u001b[1;38;5;39mCOMET INFO:\u001b[0m     estimator                : RidgeClassifier()\n","stderr":true},"type":"standard_output"}
{"payload":{"local_timestamp":1687422928264,"output":"\u001b[1;38;5;39mCOMET INFO:\u001b[0m     estimator__alpha         : 1.0\n","stderr":true},"type":"standard_output"}
{"payload":{"local_timestamp":1687422928265,"output":"\u001b[1;38;5;39mCOMET INFO:\u001b[0m     estimator__class_weight  : 1\n","stderr":true},"type":"standard_output"}
{"payload":{"local_timestamp":1687422928266,"output":"\u001b[1;38;5;39mCOMET INFO:\u001b[0m     estimator__copy_X        : True\n","stderr":true},"type":"standard_output"}
{"payload":{"local_timestamp":1687422928266,"output":"\u001b[1;38;5;39mCOMET INFO:\u001b[0m     estimator__fit_intercept : True\n","stderr":true},"type":"standard_output"}
{"payload":{"local_timestamp":1687422928267,"output":"\u001b[1;38;5;39mCOMET INFO:\u001b[0m     estimator__max_iter      : 1\n","stderr":true},"type":"standard_output"}
{"payload":{"local_timestamp":1687422928267,"output":"\u001b[1;38;5;39mCOMET INFO:\u001b[0m     estimator__positive      : False\n","stderr":true},"type":"standard_output"}
{"payload":{"local_timestamp":1687422928270,"output":"\u001b[1;38;5;39mCOMET INFO:\u001b[0m     estimator__random_state  : 1\n","stderr":true},"type":"standard_output"}
{"payload":{"local_timestamp":1687422928271,"output":"\u001b[1;38;5;39mCOMET INFO:\u001b[0m     estimator__solver        : auto\n","stderr":true},"type":"standard_output"}
{"payload":{"local_timestamp":1687422928271,"output":"\u001b[1;38;5;39mCOMET INFO:\u001b[0m     estimator__tol           : 0.0001\n","stderr":true},"type":"standard_output"}
{"payload":{"local_timestamp":1687422928273,"output":"\u001b[1;38;5;39mCOMET INFO:\u001b[0m     fit_intercept            : True\n","stderr":true},"type":"standard_output"}
{"payload":{"local_timestamp":1687422928273,"output":"\u001b[1;38;5;39mCOMET INFO:\u001b[0m     fit_prior                : True\n","stderr":true},"type":"standard_output"}
{"payload":{"local_timestamp":1687422928273,"output":"\u001b[1;38;5;39mCOMET INFO:\u001b[0m     force_alpha              : warn\n","stderr":true},"type":"standard_output"}
{"payload":{"local_timestamp":1687422928275,"output":"\u001b[1;38;5;39mCOMET INFO:\u001b[0m     gamma                    : 2\n","stderr":true},"type":"standard_output"}
{"payload":{"local_timestamp":1687422928276,"output":"\u001b[1;38;5;39mCOMET INFO:\u001b[0m     k                        : 95000\n","stderr":true},"type":"standard_output"}
{"payload":{"local_timestamp":1687422928277,"output":"\u001b[1;38;5;39mCOMET INFO:\u001b[0m     kernel                   : linear\n","stderr":true},"type":"standard_output"}
{"payload":{"local_timestamp":1687422928277,"output":"\u001b[1;38;5;39mCOMET INFO:\u001b[0m     leaf_size                : 30\n","stderr":true},"type":"standard_output"}
{"payload":{"local_timestamp":1687422928277,"output":"\u001b[1;38;5;39mCOMET INFO:\u001b[0m     max_iter                 : 2\n","stderr":true},"type":"standard_output"}
{"payload":{"local_timestamp":1687422928278,"output":"\u001b[1;38;5;39mCOMET INFO:\u001b[0m     metric                   : minkowski\n","stderr":true},"type":"standard_output"}
{"payload":{"local_timestamp":1687422928279,"output":"\u001b[1;38;5;39mCOMET INFO:\u001b[0m     metric_params            : 1\n","stderr":true},"type":"standard_output"}
{"payload":{"local_timestamp":1687422928279,"output":"\u001b[1;38;5;39mCOMET INFO:\u001b[0m     n_jobs                   : 1\n","stderr":true},"type":"standard_output"}
{"payload":{"local_timestamp":1687422928279,"output":"\u001b[1;38;5;39mCOMET INFO:\u001b[0m     n_neighbors              : 5\n","stderr":true},"type":"standard_output"}
{"payload":{"local_timestamp":1687422928279,"output":"\u001b[1;38;5;39mCOMET INFO:\u001b[0m     neg_label                : 0\n","stderr":true},"type":"standard_output"}
{"payload":{"local_timestamp":1687422928284,"output":"\u001b[1;38;5;39mCOMET INFO:\u001b[0m     p                        : 2\n","stderr":true},"type":"standard_output"}
{"payload":{"local_timestamp":1687422928285,"output":"\u001b[1;38;5;39mCOMET INFO:\u001b[0m     param_grid               : {\"alpha\": [0.1, 1.0, 10.0]}\n","stderr":true},"type":"standard_output"}
{"payload":{"local_timestamp":1687422928286,"output":"\u001b[1;38;5;39mCOMET INFO:\u001b[0m     pos_label                : 1\n","stderr":true},"type":"standard_output"}
{"payload":{"local_timestamp":1687422928286,"output":"\u001b[1;38;5;39mCOMET INFO:\u001b[0m     positive                 : False\n","stderr":true},"type":"standard_output"}
{"payload":{"local_timestamp":1687422928287,"output":"\u001b[1;38;5;39mCOMET INFO:\u001b[0m     pre_dispatch             : 2*n_jobs\n","stderr":true},"type":"standard_output"}
{"payload":{"local_timestamp":1687422928287,"output":"\u001b[1;38;5;39mCOMET INFO:\u001b[0m     probability              : False\n","stderr":true},"type":"standard_output"}
{"payload":{"local_timestamp":1687422928288,"output":"\u001b[1;38;5;39mCOMET INFO:\u001b[0m     radius                   : 1.0\n","stderr":true},"type":"standard_output"}
{"payload":{"local_timestamp":1687422928289,"output":"\u001b[1;38;5;39mCOMET INFO:\u001b[0m     random_state             : 1\n","stderr":true},"type":"standard_output"}
{"payload":{"local_timestamp":1687422928289,"output":"\u001b[1;38;5;39mCOMET INFO:\u001b[0m     refit                    : True\n","stderr":true},"type":"standard_output"}
{"payload":{"local_timestamp":1687422928290,"output":"\u001b[1;38;5;39mCOMET INFO:\u001b[0m     return_train_score       : False\n","stderr":true},"type":"standard_output"}
{"payload":{"local_timestamp":1687422928290,"output":"\u001b[1;38;5;39mCOMET INFO:\u001b[0m     score_func               : <function f_classif at 0x000002C1834F2830>\n","stderr":true},"type":"standard_output"}
{"payload":{"local_timestamp":1687422928291,"output":"\u001b[1;38;5;39mCOMET INFO:\u001b[0m     scoring                  : 1\n","stderr":true},"type":"standard_output"}
{"payload":{"local_timestamp":1687422928292,"output":"\u001b[1;38;5;39mCOMET INFO:\u001b[0m     shrinking                : True\n","stderr":true},"type":"standard_output"}
{"payload":{"local_timestamp":1687422928292,"output":"\u001b[1;38;5;39mCOMET INFO:\u001b[0m     solver                   : auto\n","stderr":true},"type":"standard_output"}
{"payload":{"local_timestamp":1687422928293,"output":"\u001b[1;38;5;39mCOMET INFO:\u001b[0m     sparse_output            : False\n","stderr":true},"type":"standard_output"}
{"payload":{"local_timestamp":1687422928294,"output":"\u001b[1;38;5;39mCOMET INFO:\u001b[0m     tol                      : 0.0001\n","stderr":true},"type":"standard_output"}
{"payload":{"local_timestamp":1687422928295,"output":"\u001b[1;38;5;39mCOMET INFO:\u001b[0m     verbose                  : False\n","stderr":true},"type":"standard_output"}
{"payload":{"local_timestamp":1687422928296,"output":"\u001b[1;38;5;39mCOMET INFO:\u001b[0m     weights                  : uniform\n","stderr":true},"type":"standard_output"}
{"payload":{"local_timestamp":1687422928297,"output":"\u001b[1;38;5;39mCOMET INFO:\u001b[0m   Uploads:\n","stderr":true},"type":"standard_output"}
{"payload":{"local_timestamp":1687422928297,"output":"\u001b[1;38;5;39mCOMET INFO:\u001b[0m     conda-environment-definition : 1\n","stderr":true},"type":"standard_output"}
{"payload":{"local_timestamp":1687422928298,"output":"\u001b[1;38;5;39mCOMET INFO:\u001b[0m     conda-info                   : 1\n","stderr":true},"type":"standard_output"}
{"payload":{"local_timestamp":1687422928299,"output":"\u001b[1;38;5;39mCOMET INFO:\u001b[0m     conda-specification          : 1\n","stderr":true},"type":"standard_output"}
{"payload":{"local_timestamp":1687422928300,"output":"\u001b[1;38;5;39mCOMET INFO:\u001b[0m     environment details          : 1\n","stderr":true},"type":"standard_output"}
{"payload":{"local_timestamp":1687422928300,"output":"\u001b[1;38;5;39mCOMET INFO:\u001b[0m     filename                     : 1\n","stderr":true},"type":"standard_output"}
{"payload":{"local_timestamp":1687422928301,"output":"\u001b[1;38;5;39mCOMET INFO:\u001b[0m     git metadata                 : 1\n","stderr":true},"type":"standard_output"}
{"payload":{"local_timestamp":1687422928301,"output":"\u001b[1;38;5;39mCOMET INFO:\u001b[0m     installed packages           : 1\n","stderr":true},"type":"standard_output"}
{"payload":{"local_timestamp":1687422928302,"output":"\u001b[1;38;5;39mCOMET INFO:\u001b[0m     notebook                     : 1\n","stderr":true},"type":"standard_output"}
{"payload":{"local_timestamp":1687422928303,"output":"\u001b[1;38;5;39mCOMET INFO:\u001b[0m     source_code                  : 1\n","stderr":true},"type":"standard_output"}
{"payload":{"local_timestamp":1687422928304,"output":"\u001b[1;38;5;39mCOMET INFO:\u001b[0m \n","stderr":true},"type":"standard_output"}
{"payload":{"local_timestamp":1687422948318,"output":"\u001b[1;38;5;196mCOMET ERROR:\u001b[0m Error sending a notification, make sure you have opted-in for notifications\n","stderr":true},"type":"standard_output"}
{"payload":{"local_timestamp":1687422970318,"metric":{"epoch":null,"metricName":"sys.cpu.percent.avg","metricValue":44.525,"step":null}},"type":"metric_msg"}
{"payload":{"local_timestamp":1687422970319,"metric":{"epoch":null,"metricName":"sys.compute.overall","metricValue":44.5,"step":null}},"type":"metric_msg"}
{"payload":{"local_timestamp":1687422970319,"metric":{"epoch":null,"metricName":"sys.compute.utilized","metricValue":0.0,"step":null}},"type":"metric_msg"}
{"payload":{"local_timestamp":1687422970319,"metric":{"epoch":null,"metricName":"sys.load.avg","metricValue":2.62,"step":null}},"type":"metric_msg"}
{"payload":{"local_timestamp":1687422970319,"metric":{"epoch":null,"metricName":"sys.ram.total","metricValue":8344559616,"step":null}},"type":"metric_msg"}
{"payload":{"local_timestamp":1687422970319,"metric":{"epoch":null,"metricName":"sys.ram.used","metricValue":7296196608,"step":null}},"type":"metric_msg"}
